id,text,domain,subdomain,indicator,type,answerType,reverseScore,weight,scale,scoringKey,correctOption,options,difficulty
DISC-V2-001,"Saat proyek tim mulai terlambat dari jadwal, apa yang paling mungkin kamu lakukan lebih dulu?",DISC,TARGET_D,BEHAVIORAL_SCENARIO_001,SCENARIO,SINGLE_CHOICE_4,False,1,"[1,2,3,4]","[1,2,3,4]",,"[""Menetapkan langkah yang harus segera dilakukan agar pekerjaan kembali bergerak."", ""Mengajak tim melihat sisi positif situasi agar energi tetap terjaga."", ""Mengecek kondisi anggota tim dan membantu menjaga kerja sama tetap tenang."", ""Menelusuri penyebab keterlambatan dan memastikan detail rencana sebelum bertindak.""]",MEDIUM
DISC-V2-002,"Ketika suasana rapat terasa kaku dan orang-orang pasif, kamu cenderung...",DISC,TARGET_I,BEHAVIORAL_SCENARIO_002,SCENARIO,SINGLE_CHOICE_4,False,1,"[1,2,3,4]","[2,3,4,1]",,"[""Membuka percakapan dengan cara yang membuat orang lebih bersemangat."", ""Memberi ruang agar peserta yang pendiam merasa nyaman ikut berbicara."", ""Mengamati dulu pola diskusi dan merapikan poin-poin yang belum jelas."", ""Mengambil alih arah diskusi dan meminta keputusan yang jelas.""]",MEDIUM
DISC-V2-003,Seorang rekan baru terlihat kesulitan mengikuti ritme kerja tim. Apa yang paling mungkin kamu lakukan?,DISC,TARGET_S,BEHAVIORAL_SCENARIO_003,SCENARIO,SINGLE_CHOICE_4,False,1,"[1,2,3,4]","[3,4,1,2]",,"[""Mendampinginya secara bertahap sampai ia merasa lebih nyaman dengan ritme tim."", ""Menjelaskan alur kerja dan memeriksa detail yang perlu ia pahami."", ""Menentukan tindakan praktis agar ia segera bisa mengejar target."", ""Mengajaknya berinteraksi dengan anggota tim agar cepat merasa diterima.""]",MEDIUM
DISC-V2-004,Kamu menerima laporan dengan banyak angka tetapi beberapa bagian tampak tidak konsisten. Kamu cenderung...,DISC,TARGET_C,BEHAVIORAL_SCENARIO_004,SCENARIO,SINGLE_CHOICE_4,False,1,"[1,2,3,4]","[4,1,2,3]",,"[""Memeriksa sumber angka dan mencocokkan setiap bagian yang tidak konsisten."", ""Meminta koreksi segera agar laporan dapat dipakai untuk keputusan."", ""Mengajak penulis laporan membahasnya secara terbuka dan ringan."", ""Memberi waktu untuk memperbaiki laporan tanpa membuat situasi menjadi tegang.""]",MEDIUM
DISC-V2-005,"Dalam sebuah kegiatan, pembagian tugas belum jelas sementara waktu terus berjalan. Kamu lebih mungkin...",DISC,TARGET_D,BEHAVIORAL_SCENARIO_005,SCENARIO,SINGLE_CHOICE_4,False,1,"[1,2,3,4]","[1,2,3,4]",,"[""Menetapkan siapa mengerjakan apa dan langsung memulai."", ""Mendorong semua orang bergerak dengan suasana yang antusias."", ""Membantu menyusun pembagian yang terasa nyaman bagi semua anggota."", ""Memastikan dulu rincian tugas dan urutan kerja agar tidak ada yang terlewat.""]",MEDIUM
DISC-V2-006,Kamu bertemu banyak orang baru dalam sebuah acara profesional. Kamu biasanya...,DISC,TARGET_I,BEHAVIORAL_SCENARIO_006,SCENARIO,SINGLE_CHOICE_4,False,1,"[1,2,3,4]","[2,3,4,1]",,"[""Dengan mudah membuka obrolan dan membuat percakapan terasa hidup."", ""Lebih suka mengenal beberapa orang secara perlahan dan nyaman."", ""Memperhatikan konteks dan informasi orang-orang tersebut sebelum banyak berbicara."", ""Mencari orang yang tepat untuk diajak membahas tujuan atau peluang konkret.""]",MEDIUM
DISC-V2-007,"Ketika terjadi perbedaan pendapat yang mulai membuat suasana tim tegang, kamu cenderung...",DISC,TARGET_S,BEHAVIORAL_SCENARIO_007,SCENARIO,SINGLE_CHOICE_4,False,1,"[1,2,3,4]","[3,4,1,2]",,"[""Mencoba memahami masing-masing pihak dan menurunkan ketegangan."", ""Mengurai persoalan secara sistematis untuk menemukan titik perbedaannya."", ""Menghentikan perdebatan dan mengarahkan tim pada keputusan."", ""Menggunakan komunikasi yang ringan agar suasana tidak semakin panas.""]",MEDIUM
DISC-V2-008,Atasan meminta kamu mengerjakan tugas baru dengan instruksi yang masih umum. Respons yang paling mewakili dirimu adalah...,DISC,TARGET_C,BEHAVIORAL_SCENARIO_008,SCENARIO,SINGLE_CHOICE_4,False,1,"[1,2,3,4]","[4,1,2,3]",,"[""Meminta kriteria, batasan, dan standar hasil agar pekerjaan dapat dilakukan dengan tepat."", ""Menentukan arah kerja yang paling masuk akal lalu segera mulai."", ""Mengajak atasan berdiskusi sambil menggali gambaran hasil yang diinginkan."", ""Memastikan ekspektasi bersama cukup jelas sebelum menjalankan tugas.""]",MEDIUM
DISC-V2-009,"Jika kamu menemukan masalah penting tepat sebelum presentasi dimulai, kamu lebih mungkin...",DISC,TARGET_D,BEHAVIORAL_SCENARIO_009,SCENARIO,SINGLE_CHOICE_4,False,1,"[1,2,3,4]","[1,2,3,4]",,"[""Memutuskan tindakan cepat untuk memastikan presentasi tetap berjalan."", ""Menjaga semangat tim dan membuat situasi terasa terkendali."", ""Membantu anggota tim tetap tenang sambil mencari cara yang aman."", ""Mengecek sumber masalah dan memilih perbaikan yang paling akurat.""]",MEDIUM
DISC-V2-010,"Saat ide yang kamu sampaikan mendapat respons datar dari kelompok, kamu cenderung...",DISC,TARGET_I,BEHAVIORAL_SCENARIO_010,SCENARIO,SINGLE_CHOICE_4,False,1,"[1,2,3,4]","[2,3,4,1]",,"[""Mencari cara lain untuk membuat ide tersebut menarik bagi mereka."", ""Mendengarkan keberatan mereka dan memberi ruang untuk mempertimbangkannya."", ""Menjelaskan alasan dan bukti pendukung agar ide dapat dinilai dengan jelas."", ""Mendorong kelompok menentukan apakah ide itu akan dijalankan atau tidak.""]",MEDIUM
DISC-V2-011,"Ketika rencana kerja tim tiba-tiba berubah, kamu biasanya...",DISC,TARGET_S,BEHAVIORAL_SCENARIO_011,SCENARIO,SINGLE_CHOICE_4,False,1,"[1,2,3,4]","[3,4,1,2]",,"[""Membantu anggota tim beradaptasi tanpa membuat perubahan terasa mendadak."", ""Memastikan rincian perubahan, dampaknya, dan prosedur baru dipahami dengan benar."", ""Menentukan penyesuaian utama dan meminta semua orang segera bergerak."", ""Membantu tim melihat perubahan sebagai kesempatan baru.""]",MEDIUM
DISC-V2-012,Kamu diminta memeriksa hasil pekerjaan orang lain sebelum dikirim ke klien. Kamu cenderung...,DISC,TARGET_C,BEHAVIORAL_SCENARIO_012,SCENARIO,SINGLE_CHOICE_4,False,1,"[1,2,3,4]","[4,1,2,3]",,"[""Memeriksa ketepatan isi, konsistensi format, dan kesesuaian dengan standar."", ""Fokus pada hal yang paling penting agar hasil bisa segera dikirim."", ""Menyampaikan temuan dengan cara yang tetap membuat rekan nyaman menerimanya."", ""Membantu memperbaiki bagian yang bermasalah tanpa membuat rekan merasa disalahkan.""]",MEDIUM
DISC-V2-013,"Dalam keadaan darurat kecil di kantor, kamu lebih mungkin...",DISC,TARGET_D,BEHAVIORAL_SCENARIO_013,SCENARIO,SINGLE_CHOICE_4,False,1,"[1,2,3,4]","[1,2,3,4]",,"[""Mengambil peran mengatur tindakan sampai situasi kembali terkendali."", ""Mengajak orang tetap tenang dengan komunikasi yang positif."", ""Memastikan orang-orang di sekitar saling membantu dan tidak panik."", ""Mencari informasi faktual tentang apa yang terjadi sebelum menentukan tindakan.""]",MEDIUM
DISC-V2-014,"Ketika harus menyampaikan ide kepada orang yang belum mengenalmu, kamu biasanya...",DISC,TARGET_I,BEHAVIORAL_SCENARIO_014,SCENARIO,SINGLE_CHOICE_4,False,1,"[1,2,3,4]","[2,3,4,1]",,"[""Menggunakan cerita dan contoh agar mereka tertarik mengikuti ide."", ""Membangun rasa nyaman terlebih dahulu sebelum masuk ke pokok pembahasan."", ""Menyiapkan penjelasan terstruktur agar pertanyaan dapat dijawab dengan tepat."", ""Menyampaikan inti keputusan atau manfaat yang perlu segera dipahami.""]",MEDIUM
DISC-V2-015,Seorang teman kerja sedang kecewa karena hasil kerjanya tidak sesuai harapan. Kamu lebih mungkin...,DISC,TARGET_S,BEHAVIORAL_SCENARIO_015,SCENARIO,SINGLE_CHOICE_4,False,1,"[1,2,3,4]","[3,4,1,2]",,"[""Mendengarkan ceritanya dan menemaninya sampai emosinya lebih stabil."", ""Membantunya meninjau apa yang terjadi agar dapat memahami bagian yang perlu diperbaiki."", ""Membantunya menentukan langkah berikutnya agar masalah tidak berlarut."", ""Mengangkat kembali semangatnya dengan mengingatkan hal-hal yang sudah ia lakukan dengan baik.""]",MEDIUM
DISC-V2-016,"Sebelum mengambil keputusan yang berdampak pada banyak orang, kamu cenderung...",DISC,TARGET_C,BEHAVIORAL_SCENARIO_016,SCENARIO,SINGLE_CHOICE_4,False,1,"[1,2,3,4]","[4,1,2,3]",,"[""Mengumpulkan informasi dan membandingkan konsekuensi setiap pilihan secara rinci."", ""Menentukan pilihan yang paling tegas dan dapat segera dijalankan."", ""Membahas pilihan dengan orang lain untuk melihat respons dan dukungan mereka."", ""Mempertimbangkan dampaknya terhadap orang-orang yang akan menjalankannya.""]",MEDIUM
DISC-V2-017,"Jika anggota tim berulang kali menunda tugas penting, respons yang paling mungkin kamu ambil adalah...",DISC,TARGET_D,BEHAVIORAL_SCENARIO_017,SCENARIO,SINGLE_CHOICE_4,False,1,"[1,2,3,4]","[1,2,3,4]",,"[""Menetapkan batas waktu yang tegas dan meminta komitmen tindakan."", ""Mengajak berbicara dengan cara yang membangkitkan motivasinya."", ""Mencari tahu hambatan yang ia hadapi dan membantu membuat langkah yang realistis."", ""Meninjau detail tugas untuk memastikan tidak ada instruksi atau kriteria yang membingungkan.""]",MEDIUM
DISC-V2-018,"Dalam diskusi kelompok, kamu paling nyaman ketika bisa...",DISC,TARGET_I,BEHAVIORAL_SCENARIO_018,SCENARIO,SINGLE_CHOICE_4,False,1,"[1,2,3,4]","[2,3,4,1]",,"[""Membangun pertukaran ide yang hidup dan membuat banyak orang terlibat."", ""Membuat setiap orang merasa didengar sebelum keputusan dibuat."", ""Menyusun argumen berdasarkan informasi yang jelas dan terstruktur."", ""Mendorong diskusi menuju keputusan yang konkret.""]",MEDIUM
DISC-V2-019,"Ketika harus bekerja sama dengan orang yang gaya kerjanya sangat berbeda darimu, kamu cenderung...",DISC,TARGET_S,BEHAVIORAL_SCENARIO_019,SCENARIO,SINGLE_CHOICE_4,False,1,"[1,2,3,4]","[3,4,1,2]",,"[""Menyesuaikan ritme dan mencari pola kerja yang dapat dijalankan bersama."", ""Menyepakati aturan, peran, dan standar kerja secara jelas sejak awal."", ""Menetapkan cara kerja yang menurutmu paling efektif agar tujuan tercapai."", ""Mencari pendekatan komunikasi yang membuat kolaborasi terasa menyenangkan.""]",MEDIUM
DISC-V2-020,"Jika sebuah keputusan terasa terlalu cepat dibuat tanpa data yang cukup, kamu cenderung...",DISC,TARGET_C,BEHAVIORAL_SCENARIO_020,SCENARIO,SINGLE_CHOICE_4,False,1,"[1,2,3,4]","[4,1,2,3]",,"[""Meminta data tambahan dan menguji asumsi sebelum keputusan ditetapkan."", ""Tetap menentukan keputusan sementara agar pekerjaan tidak berhenti."", ""Mengajak pihak terkait membahas pilihan sambil menjaga suasana tetap terbuka."", ""Meminta waktu yang wajar agar semua pihak dapat memahami dampaknya.""]",MEDIUM
DISC-V2-021,Kamu dipercaya memimpin kegiatan yang melibatkan banyak orang. Hal yang paling mungkin menjadi fokus awalmu adalah...,DISC,TARGET_D,BEHAVIORAL_SCENARIO_021,SCENARIO,SINGLE_CHOICE_4,False,1,"[1,2,3,4]","[1,2,3,4]",,"[""Menetapkan tujuan, prioritas, dan siapa yang bertanggung jawab atas tiap bagian."", ""Membangun antusiasme agar orang-orang bersemangat berkontribusi."", ""Memastikan koordinasi berjalan nyaman dan tidak ada anggota yang tertinggal."", ""Menetapkan prosedur dan detail pelaksanaan agar kualitas tetap terjaga.""]",MEDIUM
DISC-V2-022,"Ketika sebuah acara komunitas mulai kehilangan peserta, kamu cenderung...",DISC,TARGET_I,BEHAVIORAL_SCENARIO_022,SCENARIO,SINGLE_CHOICE_4,False,1,"[1,2,3,4]","[2,3,4,1]",,"[""Menghidupkan kembali interaksi dan mencari cara menarik perhatian peserta."", ""Mendekati peserta dan mencari tahu apa yang membuat mereka kurang nyaman."", ""Melihat data kehadiran dan pola kegiatan sebelum menentukan perubahan."", ""Mengubah prioritas kegiatan agar tujuan utama tetap tercapai.""]",MEDIUM
DISC-V2-023,"Saat menerima masukan keras dari seseorang, kamu biasanya...",DISC,TARGET_S,BEHAVIORAL_SCENARIO_023,SCENARIO,SINGLE_CHOICE_4,False,1,"[1,2,3,4]","[3,4,1,2]",,"[""Mendengarkan sampai selesai dan memberi waktu untuk memahami maksudnya."", ""Memilah fakta, contoh, dan standar yang digunakan dalam masukan tersebut."", ""Mengambil inti masalah dan menentukan tindakan perbaikan."", ""Menanggapi secara terbuka dan menjaga hubungan tetap positif.""]",MEDIUM
DISC-V2-024,"Dalam menyusun rencana untuk pekerjaan yang kompleks, kamu paling mungkin...",DISC,TARGET_C,BEHAVIORAL_SCENARIO_024,SCENARIO,SINGLE_CHOICE_4,False,1,"[1,2,3,4]","[4,1,2,3]",,"[""Memecah pekerjaan menjadi langkah rinci, kriteria, dan pemeriksaan yang jelas."", ""Menentukan hasil akhir dan mendorong tim segera memulai bagian terpenting."", ""Mengajak orang bertukar ide agar rencana terasa menarik dan mudah dijalankan."", ""Menyusun ritme kerja yang stabil agar semua pihak dapat mengikuti prosesnya.""]",MEDIUM
DISC-V2-025,"Saat klien meminta perubahan besar sehari sebelum pekerjaan selesai, kamu paling mungkin...",DISC,TARGET_D,V13_10_DISC_D_NEW_001,SCENARIO,SINGLE_CHOICE_4,False,1,"[1,2,3,4]","[1,2,3,4]",,"[""Memastikan perubahan yang paling berdampak disepakati, lalu mengarahkan tim menyesuaikan rencana dan tenggat."", ""Membuka komunikasi secara aktif, mengajak pihak terkait terlibat, dan menjaga energi positif agar situasi dapat bergerak maju."", ""Mendengarkan pihak yang terlibat, mempertimbangkan kebutuhan mereka, dan membantu penyesuaian berlangsung secara tenang dan bertahap."", ""Memeriksa informasi, kriteria, dan detail yang relevan agar keputusan dapat dibuat secara akurat.""]",MEDIUM
DISC-V2-026,"Ketika dua anggota tim berbeda pendapat tentang prioritas proyek, kamu paling mungkin...",DISC,TARGET_D,V13_10_DISC_D_NEW_002,SCENARIO,SINGLE_CHOICE_4,False,1,"[1,2,3,4]","[2,3,4,1]",,"[""Membuka komunikasi secara aktif, mengajak pihak terkait terlibat, dan menjaga energi positif agar situasi dapat bergerak maju."", ""Mendengarkan pihak yang terlibat, mempertimbangkan kebutuhan mereka, dan membantu penyesuaian berlangsung secara tenang dan bertahap."", ""Memeriksa informasi, kriteria, dan detail yang relevan agar keputusan dapat dibuat secara akurat."", ""Menetapkan prioritas yang paling mendukung tujuan proyek dan meminta tim segera menjalankan keputusan.""]",MEDIUM
DISC-V2-027,"Jika hasil penjualan bulan ini jauh di bawah target, kamu paling mungkin...",DISC,TARGET_D,V13_10_DISC_D_NEW_003,SCENARIO,SINGLE_CHOICE_4,False,1,"[1,2,3,4]","[3,4,1,2]",,"[""Mendengarkan pihak yang terlibat, mempertimbangkan kebutuhan mereka, dan membantu penyesuaian berlangsung secara tenang dan bertahap."", ""Memeriksa informasi, kriteria, dan detail yang relevan agar keputusan dapat dibuat secara akurat."", ""Mengidentifikasi penyebab utama penurunan dan menetapkan tindakan yang paling cepat mengembalikan hasil."", ""Membuka komunikasi secara aktif, mengajak pihak terkait terlibat, dan menjaga energi positif agar situasi dapat bergerak maju.""]",MEDIUM
DISC-V2-028,"Dalam pekerjaan dengan tenggat sangat ketat, kamu paling mungkin...",DISC,TARGET_D,V13_10_DISC_D_NEW_004,SCENARIO,SINGLE_CHOICE_4,False,1,"[1,2,3,4]","[4,1,2,3]",,"[""Memeriksa informasi, kriteria, dan detail yang relevan agar keputusan dapat dibuat secara akurat."", ""Menentukan prioritas pekerjaan dan mendorong penyelesaian bagian yang paling menentukan hasil."", ""Membuka komunikasi secara aktif, mengajak pihak terkait terlibat, dan menjaga energi positif agar situasi dapat bergerak maju."", ""Mendengarkan pihak yang terlibat, mempertimbangkan kebutuhan mereka, dan membantu penyesuaian berlangsung secara tenang dan bertahap.""]",MEDIUM
DISC-V2-029,"Saat memperkenalkan produk baru kepada calon pelanggan, kamu paling mungkin...",DISC,TARGET_I,V13_10_DISC_I_NEW_015,SCENARIO,SINGLE_CHOICE_4,False,1,"[1,2,3,4]","[1,2,3,4]",,"[""Menetapkan prioritas yang paling berdampak, menentukan langkah utama, lalu mendorong pelaksanaannya."", ""Membangun percakapan yang menarik, menggali minat calon pelanggan, dan membuat mereka antusias mengenal produk."", ""Mendengarkan pihak yang terlibat, mempertimbangkan kebutuhan mereka, dan membantu penyesuaian berlangsung secara tenang dan bertahap."", ""Memeriksa informasi, kriteria, dan detail yang relevan agar keputusan dapat dibuat secara akurat.""]",MEDIUM
DISC-V2-030,"Jika acara kantor terasa sepi dan peserta kurang aktif, kamu paling mungkin...",DISC,TARGET_I,V13_10_DISC_I_NEW_016,SCENARIO,SINGLE_CHOICE_4,False,1,"[1,2,3,4]","[2,3,4,1]",,"[""Menghidupkan interaksi dengan mengajak peserta terlibat dan membuat suasana kembali energik."", ""Mendengarkan pihak yang terlibat, mempertimbangkan kebutuhan mereka, dan membantu penyesuaian berlangsung secara tenang dan bertahap."", ""Memeriksa informasi, kriteria, dan detail yang relevan agar keputusan dapat dibuat secara akurat."", ""Menetapkan prioritas yang paling berdampak, menentukan langkah utama, lalu mendorong pelaksanaannya.""]",MEDIUM
DISC-V2-031,"Ketika harus membangun hubungan dengan mitra baru, kamu paling mungkin...",DISC,TARGET_I,V13_10_DISC_I_NEW_017,SCENARIO,SINGLE_CHOICE_4,False,1,"[1,2,3,4]","[3,4,1,2]",,"[""Mendengarkan pihak yang terlibat, mempertimbangkan kebutuhan mereka, dan membantu penyesuaian berlangsung secara tenang dan bertahap."", ""Memeriksa informasi, kriteria, dan detail yang relevan agar keputusan dapat dibuat secara akurat."", ""Menetapkan prioritas yang paling berdampak, menentukan langkah utama, lalu mendorong pelaksanaannya."", ""Membuka percakapan secara aktif, menemukan kesamaan, dan membangun hubungan yang membuat kolaborasi terasa menarik.""]",MEDIUM
DISC-V2-032,"Saat tim kehilangan semangat setelah menerima kabar buruk, kamu paling mungkin...",DISC,TARGET_I,V13_10_DISC_I_NEW_018,SCENARIO,SINGLE_CHOICE_4,False,1,"[1,2,3,4]","[4,1,2,3]",,"[""Memeriksa informasi, kriteria, dan detail yang relevan agar keputusan dapat dibuat secara akurat."", ""Menetapkan prioritas yang paling berdampak, menentukan langkah utama, lalu mendorong pelaksanaannya."", ""Mengajak tim berinteraksi, mengangkat energi mereka, dan membantu melihat langkah berikutnya secara positif."", ""Mendengarkan pihak yang terlibat, mempertimbangkan kebutuhan mereka, dan membantu penyesuaian berlangsung secara tenang dan bertahap.""]",MEDIUM
DISC-V2-033,"Ketika anggota baru bergabung dengan tim yang sudah lama bekerja bersama, kamu paling mungkin...",DISC,TARGET_S,V13_10_DISC_S_NEW_029,SCENARIO,SINGLE_CHOICE_4,False,1,"[1,2,3,4]","[1,2,3,4]",,"[""Menetapkan prioritas yang paling berdampak, menentukan langkah utama, lalu mendorong pelaksanaannya."", ""Membuka komunikasi secara aktif, mengajak pihak terkait terlibat, dan menjaga energi positif agar situasi dapat bergerak maju."", ""Membantu anggota baru mengenal orang-orang dan ritme kerja tim secara bertahap agar ia merasa diterima."", ""Memeriksa informasi, kriteria, dan detail yang relevan agar keputusan dapat dibuat secara akurat.""]",MEDIUM
DISC-V2-034,"Saat jadwal kerja tim berubah mendadak, kamu paling mungkin...",DISC,TARGET_S,V13_10_DISC_S_NEW_030,SCENARIO,SINGLE_CHOICE_4,False,1,"[1,2,3,4]","[2,3,4,1]",,"[""Membuka komunikasi secara aktif, mengajak pihak terkait terlibat, dan menjaga energi positif agar situasi dapat bergerak maju."", ""Membantu tim menyesuaikan perubahan secara bertahap sambil memastikan orang-orang memahami dampaknya."", ""Memeriksa informasi, kriteria, dan detail yang relevan agar keputusan dapat dibuat secara akurat."", ""Menetapkan prioritas yang paling berdampak, menentukan langkah utama, lalu mendorong pelaksanaannya.""]",MEDIUM
DISC-V2-035,"Jika rekan kerja sedang kewalahan dengan banyak tugas, kamu paling mungkin...",DISC,TARGET_S,V13_10_DISC_S_NEW_031,SCENARIO,SINGLE_CHOICE_4,False,1,"[1,2,3,4]","[3,4,1,2]",,"[""Mendengarkan kesulitannya dan membantu membagi pekerjaan atau langkah berikutnya secara realistis."", ""Memeriksa informasi, kriteria, dan detail yang relevan agar keputusan dapat dibuat secara akurat."", ""Menetapkan prioritas yang paling berdampak, menentukan langkah utama, lalu mendorong pelaksanaannya."", ""Membuka komunikasi secara aktif, mengajak pihak terkait terlibat, dan menjaga energi positif agar situasi dapat bergerak maju.""]",MEDIUM
DISC-V2-036,"Ketika dua orang dalam tim mengalami ketegangan setelah salah paham, kamu paling mungkin...",DISC,TARGET_S,V13_10_DISC_S_NEW_032,SCENARIO,SINGLE_CHOICE_4,False,1,"[1,2,3,4]","[4,1,2,3]",,"[""Memeriksa informasi, kriteria, dan detail yang relevan agar keputusan dapat dibuat secara akurat."", ""Menetapkan prioritas yang paling berdampak, menentukan langkah utama, lalu mendorong pelaksanaannya."", ""Membuka komunikasi secara aktif, mengajak pihak terkait terlibat, dan menjaga energi positif agar situasi dapat bergerak maju."", ""Mendengarkan kedua pihak, menurunkan ketegangan, dan membantu mereka menemukan cara bekerja sama kembali.""]",MEDIUM
DISC-V2-037,"Saat menerima laporan dengan angka yang tampak tidak konsisten, kamu paling mungkin...",DISC,TARGET_C,V13_10_DISC_C_NEW_043,SCENARIO,SINGLE_CHOICE_4,False,1,"[1,2,3,4]","[1,2,3,4]",,"[""Menetapkan prioritas yang paling berdampak, menentukan langkah utama, lalu mendorong pelaksanaannya."", ""Membuka komunikasi secara aktif, mengajak pihak terkait terlibat, dan menjaga energi positif agar situasi dapat bergerak maju."", ""Mendengarkan pihak yang terlibat, mempertimbangkan kebutuhan mereka, dan membantu penyesuaian berlangsung secara tenang dan bertahap."", ""Memeriksa sumber angka, mencocokkan data, dan memastikan penyebab ketidakkonsistenan jelas sebelum menyimpulkan.""]",MEDIUM
DISC-V2-038,"Jika instruksi dari dua pihak berbeda tentang pekerjaan yang sama, kamu paling mungkin...",DISC,TARGET_C,V13_10_DISC_C_NEW_044,SCENARIO,SINGLE_CHOICE_4,False,1,"[1,2,3,4]","[2,3,4,1]",,"[""Membuka komunikasi secara aktif, mengajak pihak terkait terlibat, dan menjaga energi positif agar situasi dapat bergerak maju."", ""Mendengarkan pihak yang terlibat, mempertimbangkan kebutuhan mereka, dan membantu penyesuaian berlangsung secara tenang dan bertahap."", ""Membandingkan kedua instruksi, mencari kriteria yang berlaku, dan memastikan dasar keputusan terdokumentasi."", ""Menetapkan prioritas yang paling berdampak, menentukan langkah utama, lalu mendorong pelaksanaannya.""]",MEDIUM
DISC-V2-039,"Ketika diminta menyetujui dokumen penting dalam waktu singkat, kamu paling mungkin...",DISC,TARGET_C,V13_10_DISC_C_NEW_045,SCENARIO,SINGLE_CHOICE_4,False,1,"[1,2,3,4]","[3,4,1,2]",,"[""Mendengarkan pihak yang terlibat, mempertimbangkan kebutuhan mereka, dan membantu penyesuaian berlangsung secara tenang dan bertahap."", ""Memeriksa bagian yang paling kritis, memastikan persyaratan terpenuhi, lalu memberikan persetujuan berdasarkan bukti yang tersedia."", ""Menetapkan prioritas yang paling berdampak, menentukan langkah utama, lalu mendorong pelaksanaannya."", ""Membuka komunikasi secara aktif, mengajak pihak terkait terlibat, dan menjaga energi positif agar situasi dapat bergerak maju.""]",MEDIUM
DISC-V2-040,"Jika sebuah kesalahan kecil ditemukan setelah pekerjaan hampir selesai, kamu paling mungkin...",DISC,TARGET_C,V13_10_DISC_C_NEW_046,SCENARIO,SINGLE_CHOICE_4,False,1,"[1,2,3,4]","[4,1,2,3]",,"[""Menelusuri sumber kesalahan, memperbaikinya, dan memeriksa kembali hasil sebelum pekerjaan dikirim."", ""Menetapkan prioritas yang paling berdampak, menentukan langkah utama, lalu mendorong pelaksanaannya."", ""Membuka komunikasi secara aktif, mengajak pihak terkait terlibat, dan menjaga energi positif agar situasi dapat bergerak maju."", ""Mendengarkan pihak yang terlibat, mempertimbangkan kebutuhan mereka, dan membantu penyesuaian berlangsung secara tenang dan bertahap.""]",MEDIUM
DISC-V2-041,"Saat atasan menyerahkan masalah pelanggan yang mendesak kepadamu, kamu paling mungkin...",DISC,TARGET_D,V13_10_DISC_D_NEW_005,SCENARIO,SINGLE_CHOICE_4,False,1,"[1,2,3,4]","[1,2,3,4]",,"[""Menentukan tindakan utama untuk menyelesaikan masalah pelanggan dan mengambil tanggung jawab atas eksekusinya."", ""Membuka komunikasi secara aktif, mengajak pihak terkait terlibat, dan menjaga energi positif agar situasi dapat bergerak maju."", ""Mendengarkan pihak yang terlibat, mempertimbangkan kebutuhan mereka, dan membantu penyesuaian berlangsung secara tenang dan bertahap."", ""Memeriksa informasi, kriteria, dan detail yang relevan agar keputusan dapat dibuat secara akurat.""]",MEDIUM
DISC-V2-042,"Ketika sebuah rencana tidak menghasilkan kemajuan setelah beberapa minggu, kamu paling mungkin...",DISC,TARGET_D,V13_10_DISC_D_NEW_006,SCENARIO,SINGLE_CHOICE_4,False,1,"[1,2,3,4]","[2,3,4,1]",,"[""Membuka komunikasi secara aktif, mengajak pihak terkait terlibat, dan menjaga energi positif agar situasi dapat bergerak maju."", ""Mendengarkan pihak yang terlibat, mempertimbangkan kebutuhan mereka, dan membantu penyesuaian berlangsung secara tenang dan bertahap."", ""Memeriksa informasi, kriteria, dan detail yang relevan agar keputusan dapat dibuat secara akurat."", ""Menghentikan pendekatan yang tidak efektif, memilih alternatif yang lebih menjanjikan, dan menggerakkan tim mencobanya.""]",MEDIUM
DISC-V2-043,"Jika anggota tim membutuhkan keputusanmu agar dapat melanjutkan pekerjaan, kamu paling mungkin...",DISC,TARGET_D,V13_10_DISC_D_NEW_007,SCENARIO,SINGLE_CHOICE_4,False,1,"[1,2,3,4]","[3,4,1,2]",,"[""Mendengarkan pihak yang terlibat, mempertimbangkan kebutuhan mereka, dan membantu penyesuaian berlangsung secara tenang dan bertahap."", ""Memeriksa informasi, kriteria, dan detail yang relevan agar keputusan dapat dibuat secara akurat."", ""Memberikan keputusan yang cukup jelas agar anggota tim dapat segera melanjutkan pekerjaan."", ""Membuka komunikasi secara aktif, mengajak pihak terkait terlibat, dan menjaga energi positif agar situasi dapat bergerak maju.""]",MEDIUM
DISC-V2-044,"Saat sebuah peluang bisnis muncul tetapi waktu merespons sangat singkat, kamu paling mungkin...",DISC,TARGET_D,V13_10_DISC_D_NEW_008,SCENARIO,SINGLE_CHOICE_4,False,1,"[1,2,3,4]","[4,1,2,3]",,"[""Memeriksa informasi, kriteria, dan detail yang relevan agar keputusan dapat dibuat secara akurat."", ""Menilai peluang secara cepat, memilih langkah dengan potensi hasil terbesar, lalu bertindak."", ""Membuka komunikasi secara aktif, mengajak pihak terkait terlibat, dan menjaga energi positif agar situasi dapat bergerak maju."", ""Mendengarkan pihak yang terlibat, mempertimbangkan kebutuhan mereka, dan membantu penyesuaian berlangsung secara tenang dan bertahap.""]",MEDIUM
DISC-V2-045,"Ketika pekerjaanmu dikritik karena dianggap terlalu lambat, kamu paling mungkin...",DISC,TARGET_D,V13_10_DISC_D_NEW_009,SCENARIO,SINGLE_CHOICE_4,False,1,"[1,2,3,4]","[1,2,3,4]",,"[""Meninjau hambatan yang paling memengaruhi kecepatan kerja dan mengubah cara kerja agar hasil lebih cepat tercapai."", ""Membuka komunikasi secara aktif, mengajak pihak terkait terlibat, dan menjaga energi positif agar situasi dapat bergerak maju."", ""Mendengarkan pihak yang terlibat, mempertimbangkan kebutuhan mereka, dan membantu penyesuaian berlangsung secara tenang dan bertahap."", ""Memeriksa informasi, kriteria, dan detail yang relevan agar keputusan dapat dibuat secara akurat.""]",MEDIUM
DISC-V2-046,"Jika sebuah proyek memiliki banyak pilihan solusi, kamu paling mungkin...",DISC,TARGET_D,V13_10_DISC_D_NEW_010,SCENARIO,SINGLE_CHOICE_4,False,1,"[1,2,3,4]","[2,3,4,1]",,"[""Membuka komunikasi secara aktif, mengajak pihak terkait terlibat, dan menjaga energi positif agar situasi dapat bergerak maju."", ""Mendengarkan pihak yang terlibat, mempertimbangkan kebutuhan mereka, dan membantu penyesuaian berlangsung secara tenang dan bertahap."", ""Memeriksa informasi, kriteria, dan detail yang relevan agar keputusan dapat dibuat secara akurat."", ""Membandingkan pilihan berdasarkan dampak terhadap tujuan lalu memilih satu untuk segera diuji.""]",MEDIUM
DISC-V2-047,"Ketika pelanggan terus menunda keputusan pembelian, kamu paling mungkin...",DISC,TARGET_D,V13_10_DISC_D_NEW_011,SCENARIO,SINGLE_CHOICE_4,False,1,"[1,2,3,4]","[3,4,1,2]",,"[""Mendengarkan pihak yang terlibat, mempertimbangkan kebutuhan mereka, dan membantu penyesuaian berlangsung secara tenang dan bertahap."", ""Memeriksa informasi, kriteria, dan detail yang relevan agar keputusan dapat dibuat secara akurat."", ""Menetapkan langkah berikutnya yang lebih tegas dan meminta pelanggan menentukan keputusan pada batas waktu yang jelas."", ""Membuka komunikasi secara aktif, mengajak pihak terkait terlibat, dan menjaga energi positif agar situasi dapat bergerak maju.""]",MEDIUM
DISC-V2-048,"Saat harus memimpin rapat yang keluar dari agenda, kamu paling mungkin...",DISC,TARGET_D,V13_10_DISC_D_NEW_012,SCENARIO,SINGLE_CHOICE_4,False,1,"[1,2,3,4]","[4,1,2,3]",,"[""Memeriksa informasi, kriteria, dan detail yang relevan agar keputusan dapat dibuat secara akurat."", ""Mengembalikan rapat ke tujuan utama, memotong pembahasan yang tidak relevan, dan menetapkan keputusan yang diperlukan."", ""Membuka komunikasi secara aktif, mengajak pihak terkait terlibat, dan menjaga energi positif agar situasi dapat bergerak maju."", ""Mendengarkan pihak yang terlibat, mempertimbangkan kebutuhan mereka, dan membantu penyesuaian berlangsung secara tenang dan bertahap.""]",MEDIUM
DISC-V2-049,"Jika kamu menemukan proses kerja yang memiliki terlalu banyak langkah, kamu paling mungkin...",DISC,TARGET_D,V13_10_DISC_D_NEW_013,SCENARIO,SINGLE_CHOICE_4,False,1,"[1,2,3,4]","[1,2,3,4]",,"[""Mengidentifikasi langkah yang tidak memberi nilai dan menyederhanakan proses agar pekerjaan bergerak lebih cepat."", ""Membuka komunikasi secara aktif, mengajak pihak terkait terlibat, dan menjaga energi positif agar situasi dapat bergerak maju."", ""Mendengarkan pihak yang terlibat, mempertimbangkan kebutuhan mereka, dan membantu penyesuaian berlangsung secara tenang dan bertahap."", ""Memeriksa informasi, kriteria, dan detail yang relevan agar keputusan dapat dibuat secara akurat.""]",MEDIUM
DISC-V2-050,"Ketika target pribadi bertabrakan dengan kebutuhan mendadak tim, kamu paling mungkin...",DISC,TARGET_D,V13_10_DISC_D_NEW_014,SCENARIO,SINGLE_CHOICE_4,False,1,"[1,2,3,4]","[2,3,4,1]",,"[""Membuka komunikasi secara aktif, mengajak pihak terkait terlibat, dan menjaga energi positif agar situasi dapat bergerak maju."", ""Mendengarkan pihak yang terlibat, mempertimbangkan kebutuhan mereka, dan membantu penyesuaian berlangsung secara tenang dan bertahap."", ""Memeriksa informasi, kriteria, dan detail yang relevan agar keputusan dapat dibuat secara akurat."", ""Menentukan prioritas yang paling kritis dan mengambil tindakan untuk memenuhi kebutuhan tim tanpa kehilangan target utama.""]",MEDIUM
DISC-V2-051,"Jika kamu harus menyampaikan presentasi dengan waktu persiapan sangat singkat, kamu paling mungkin...",DISC,TARGET_I,V13_10_DISC_I_NEW_019,SCENARIO,SINGLE_CHOICE_4,False,1,"[1,2,3,4]","[3,4,1,2]",,"[""Mendengarkan pihak yang terlibat, mempertimbangkan kebutuhan mereka, dan membantu penyesuaian berlangsung secara tenang dan bertahap."", ""Memeriksa informasi, kriteria, dan detail yang relevan agar keputusan dapat dibuat secara akurat."", ""Menetapkan prioritas yang paling berdampak, menentukan langkah utama, lalu mendorong pelaksanaannya."", ""Menentukan pesan utama, menyampaikannya dengan percaya diri, dan membuat audiens tertarik mengikuti presentasi.""]",MEDIUM
DISC-V2-052,"Ketika ide baru muncul saat diskusi, kamu paling mungkin...",DISC,TARGET_I,V13_10_DISC_I_NEW_020,SCENARIO,SINGLE_CHOICE_4,False,1,"[1,2,3,4]","[4,1,2,3]",,"[""Memeriksa informasi, kriteria, dan detail yang relevan agar keputusan dapat dibuat secara akurat."", ""Menetapkan prioritas yang paling berdampak, menentukan langkah utama, lalu mendorong pelaksanaannya."", ""Mengembangkan ide bersama orang lain, menghubungkan berbagai gagasan, dan menjaga diskusi tetap hidup."", ""Mendengarkan pihak yang terlibat, mempertimbangkan kebutuhan mereka, dan membantu penyesuaian berlangsung secara tenang dan bertahap.""]",MEDIUM
DISC-V2-053,"Saat menghadapi pelanggan yang sangat banyak berbicara, kamu paling mungkin...",DISC,TARGET_I,V13_10_DISC_I_NEW_021,SCENARIO,SINGLE_CHOICE_4,False,1,"[1,2,3,4]","[1,2,3,4]",,"[""Menetapkan prioritas yang paling berdampak, menentukan langkah utama, lalu mendorong pelaksanaannya."", ""Membangun percakapan yang hangat sambil mengarahkan pembicaraan agar pelanggan tetap tertarik dan terlibat."", ""Mendengarkan pihak yang terlibat, mempertimbangkan kebutuhan mereka, dan membantu penyesuaian berlangsung secara tenang dan bertahap."", ""Memeriksa informasi, kriteria, dan detail yang relevan agar keputusan dapat dibuat secara akurat.""]",MEDIUM
DISC-V2-054,"Jika tim diminta menghasilkan ide untuk kampanye baru, kamu paling mungkin...",DISC,TARGET_I,V13_10_DISC_I_NEW_022,SCENARIO,SINGLE_CHOICE_4,False,1,"[1,2,3,4]","[2,3,4,1]",,"[""Mengajak anggota bertukar ide secara terbuka dan membuat mereka bersemangat mengembangkan konsep kampanye."", ""Mendengarkan pihak yang terlibat, mempertimbangkan kebutuhan mereka, dan membantu penyesuaian berlangsung secara tenang dan bertahap."", ""Memeriksa informasi, kriteria, dan detail yang relevan agar keputusan dapat dibuat secara akurat."", ""Menetapkan prioritas yang paling berdampak, menentukan langkah utama, lalu mendorong pelaksanaannya.""]",MEDIUM
DISC-V2-055,"Ketika bertemu orang baru dalam sebuah konferensi, kamu paling mungkin...",DISC,TARGET_I,V13_10_DISC_I_NEW_023,SCENARIO,SINGLE_CHOICE_4,False,1,"[1,2,3,4]","[3,4,1,2]",,"[""Mendengarkan pihak yang terlibat, mempertimbangkan kebutuhan mereka, dan membantu penyesuaian berlangsung secara tenang dan bertahap."", ""Memeriksa informasi, kriteria, dan detail yang relevan agar keputusan dapat dibuat secara akurat."", ""Menetapkan prioritas yang paling berdampak, menentukan langkah utama, lalu mendorong pelaksanaannya."", ""Memulai percakapan dengan orang baru, menemukan topik yang menarik, dan memperluas koneksi.""]",MEDIUM
DISC-V2-056,"Saat sebuah rapat mulai terlalu formal dan peserta pasif, kamu paling mungkin...",DISC,TARGET_I,V13_10_DISC_I_NEW_024,SCENARIO,SINGLE_CHOICE_4,False,1,"[1,2,3,4]","[4,1,2,3]",,"[""Memeriksa informasi, kriteria, dan detail yang relevan agar keputusan dapat dibuat secara akurat."", ""Menetapkan prioritas yang paling berdampak, menentukan langkah utama, lalu mendorong pelaksanaannya."", ""Membuka pertanyaan atau aktivitas ringan yang membuat peserta lebih aktif berbicara."", ""Mendengarkan pihak yang terlibat, mempertimbangkan kebutuhan mereka, dan membantu penyesuaian berlangsung secara tenang dan bertahap.""]",MEDIUM
DISC-V2-057,"Jika pelanggan ragu mengikuti program baru, kamu paling mungkin...",DISC,TARGET_I,V13_10_DISC_I_NEW_025,SCENARIO,SINGLE_CHOICE_4,False,1,"[1,2,3,4]","[1,2,3,4]",,"[""Menetapkan prioritas yang paling berdampak, menentukan langkah utama, lalu mendorong pelaksanaannya."", ""Menggali keraguan pelanggan lewat percakapan dan menjelaskan manfaat program dengan cara yang meyakinkan."", ""Mendengarkan pihak yang terlibat, mempertimbangkan kebutuhan mereka, dan membantu penyesuaian berlangsung secara tenang dan bertahap."", ""Memeriksa informasi, kriteria, dan detail yang relevan agar keputusan dapat dibuat secara akurat.""]",MEDIUM
DISC-V2-058,"Ketika diminta menjadi penghubung antarbagian yang jarang berkomunikasi, kamu paling mungkin...",DISC,TARGET_I,V13_10_DISC_I_NEW_026,SCENARIO,SINGLE_CHOICE_4,False,1,"[1,2,3,4]","[2,3,4,1]",,"[""Membangun hubungan antarbagian melalui komunikasi aktif dan membuat kedua pihak nyaman bertukar informasi."", ""Mendengarkan pihak yang terlibat, mempertimbangkan kebutuhan mereka, dan membantu penyesuaian berlangsung secara tenang dan bertahap."", ""Memeriksa informasi, kriteria, dan detail yang relevan agar keputusan dapat dibuat secara akurat."", ""Menetapkan prioritas yang paling berdampak, menentukan langkah utama, lalu mendorong pelaksanaannya.""]",MEDIUM
DISC-V2-059,"Saat sebuah ide mendapat respons antusias dari banyak orang, kamu paling mungkin...",DISC,TARGET_I,V13_10_DISC_I_NEW_027,SCENARIO,SINGLE_CHOICE_4,False,1,"[1,2,3,4]","[3,4,1,2]",,"[""Mendengarkan pihak yang terlibat, mempertimbangkan kebutuhan mereka, dan membantu penyesuaian berlangsung secara tenang dan bertahap."", ""Memeriksa informasi, kriteria, dan detail yang relevan agar keputusan dapat dibuat secara akurat."", ""Menetapkan prioritas yang paling berdampak, menentukan langkah utama, lalu mendorong pelaksanaannya."", ""Memanfaatkan antusiasme tersebut untuk mengajak orang berdiskusi lebih jauh dan mengembangkan ide bersama.""]",MEDIUM
DISC-V2-060,"Jika harus meyakinkan tim untuk mencoba pendekatan yang belum pernah digunakan, kamu paling mungkin...",DISC,TARGET_I,V13_10_DISC_I_NEW_028,SCENARIO,SINGLE_CHOICE_4,False,1,"[1,2,3,4]","[4,1,2,3]",,"[""Memeriksa informasi, kriteria, dan detail yang relevan agar keputusan dapat dibuat secara akurat."", ""Menetapkan prioritas yang paling berdampak, menentukan langkah utama, lalu mendorong pelaksanaannya."", ""Menjelaskan manfaat pendekatan baru dengan antusias, mengundang masukan, dan mengajak tim mencobanya."", ""Mendengarkan pihak yang terlibat, mempertimbangkan kebutuhan mereka, dan membantu penyesuaian berlangsung secara tenang dan bertahap.""]",MEDIUM
DISC-V2-061,"Saat perusahaan memperkenalkan prosedur baru, kamu paling mungkin...",DISC,TARGET_S,V13_10_DISC_S_NEW_033,SCENARIO,SINGLE_CHOICE_4,False,1,"[1,2,3,4]","[1,2,3,4]",,"[""Menetapkan prioritas yang paling berdampak, menentukan langkah utama, lalu mendorong pelaksanaannya."", ""Membuka komunikasi secara aktif, mengajak pihak terkait terlibat, dan menjaga energi positif agar situasi dapat bergerak maju."", ""Memahami perubahan terlebih dahulu dan membantu orang-orang menyesuaikan diri dengan prosedur baru secara bertahap."", ""Memeriksa informasi, kriteria, dan detail yang relevan agar keputusan dapat dibuat secara akurat.""]",MEDIUM
DISC-V2-062,"Jika pelanggan kecewa karena layanan tidak sesuai harapan, kamu paling mungkin...",DISC,TARGET_S,V13_10_DISC_S_NEW_034,SCENARIO,SINGLE_CHOICE_4,False,1,"[1,2,3,4]","[2,3,4,1]",,"[""Membuka komunikasi secara aktif, mengajak pihak terkait terlibat, dan menjaga energi positif agar situasi dapat bergerak maju."", ""Mendengarkan keluhan pelanggan dengan tenang dan membantu mencari penyelesaian yang membuat hubungan tetap baik."", ""Memeriksa informasi, kriteria, dan detail yang relevan agar keputusan dapat dibuat secara akurat."", ""Menetapkan prioritas yang paling berdampak, menentukan langkah utama, lalu mendorong pelaksanaannya.""]",MEDIUM
DISC-V2-063,"Ketika pekerjaan rutin harus dilakukan berulang setiap minggu, kamu paling mungkin...",DISC,TARGET_S,V13_10_DISC_S_NEW_035,SCENARIO,SINGLE_CHOICE_4,False,1,"[1,2,3,4]","[3,4,1,2]",,"[""Menjalankan rutinitas secara konsisten sambil menjaga ritme kerja agar dapat dipertahankan dalam jangka panjang."", ""Memeriksa informasi, kriteria, dan detail yang relevan agar keputusan dapat dibuat secara akurat."", ""Menetapkan prioritas yang paling berdampak, menentukan langkah utama, lalu mendorong pelaksanaannya."", ""Membuka komunikasi secara aktif, mengajak pihak terkait terlibat, dan menjaga energi positif agar situasi dapat bergerak maju.""]",MEDIUM
DISC-V2-064,"Saat seorang rekan meminta bantuan memahami tugas yang belum pernah ia kerjakan, kamu paling mungkin...",DISC,TARGET_S,V13_10_DISC_S_NEW_036,SCENARIO,SINGLE_CHOICE_4,False,1,"[1,2,3,4]","[4,1,2,3]",,"[""Memeriksa informasi, kriteria, dan detail yang relevan agar keputusan dapat dibuat secara akurat."", ""Menetapkan prioritas yang paling berdampak, menentukan langkah utama, lalu mendorong pelaksanaannya."", ""Membuka komunikasi secara aktif, mengajak pihak terkait terlibat, dan menjaga energi positif agar situasi dapat bergerak maju."", ""Mendampinginya dengan sabar, menjelaskan langkah secara bertahap, dan memastikan ia merasa cukup nyaman untuk mencoba.""]",MEDIUM
DISC-V2-065,"Jika terjadi perubahan pimpinan di tengah proyek, kamu paling mungkin...",DISC,TARGET_S,V13_10_DISC_S_NEW_037,SCENARIO,SINGLE_CHOICE_4,False,1,"[1,2,3,4]","[1,2,3,4]",,"[""Menetapkan prioritas yang paling berdampak, menentukan langkah utama, lalu mendorong pelaksanaannya."", ""Membuka komunikasi secara aktif, mengajak pihak terkait terlibat, dan menjaga energi positif agar situasi dapat bergerak maju."", ""Membantu tim melewati perubahan secara tenang dengan menjaga komunikasi dan ritme kerja tetap stabil."", ""Memeriksa informasi, kriteria, dan detail yang relevan agar keputusan dapat dibuat secara akurat.""]",MEDIUM
DISC-V2-066,"Ketika seorang pelanggan lama meminta bantuan di luar proses biasa, kamu paling mungkin...",DISC,TARGET_S,V13_10_DISC_S_NEW_038,SCENARIO,SINGLE_CHOICE_4,False,1,"[1,2,3,4]","[2,3,4,1]",,"[""Membuka komunikasi secara aktif, mengajak pihak terkait terlibat, dan menjaga energi positif agar situasi dapat bergerak maju."", ""Mendengarkan kebutuhan pelanggan dan mencari solusi yang tetap nyaman bagi pelanggan maupun tim."", ""Memeriksa informasi, kriteria, dan detail yang relevan agar keputusan dapat dibuat secara akurat."", ""Menetapkan prioritas yang paling berdampak, menentukan langkah utama, lalu mendorong pelaksanaannya.""]",MEDIUM
DISC-V2-067,"Jika sebuah tim harus bekerja dengan anggota yang memiliki ritme berbeda-beda, kamu paling mungkin...",DISC,TARGET_S,V13_10_DISC_S_NEW_039,SCENARIO,SINGLE_CHOICE_4,False,1,"[1,2,3,4]","[3,4,1,2]",,"[""Mencari ritme kerja yang dapat mengakomodasi perbedaan sehingga semua anggota dapat bekerja konsisten."", ""Memeriksa informasi, kriteria, dan detail yang relevan agar keputusan dapat dibuat secara akurat."", ""Menetapkan prioritas yang paling berdampak, menentukan langkah utama, lalu mendorong pelaksanaannya."", ""Membuka komunikasi secara aktif, mengajak pihak terkait terlibat, dan menjaga energi positif agar situasi dapat bergerak maju.""]",MEDIUM
DISC-V2-068,"Saat rekan kerja menerima kritik keras dari atasan, kamu paling mungkin...",DISC,TARGET_S,V13_10_DISC_S_NEW_040,SCENARIO,SINGLE_CHOICE_4,False,1,"[1,2,3,4]","[4,1,2,3]",,"[""Memeriksa informasi, kriteria, dan detail yang relevan agar keputusan dapat dibuat secara akurat."", ""Menetapkan prioritas yang paling berdampak, menentukan langkah utama, lalu mendorong pelaksanaannya."", ""Membuka komunikasi secara aktif, mengajak pihak terkait terlibat, dan menjaga energi positif agar situasi dapat bergerak maju."", ""Mendengarkan rekan tersebut setelah kritik dan membantu menjaga agar ia dapat memproses masukan tanpa kehilangan kepercayaan diri.""]",MEDIUM
DISC-V2-069,"Jika proyek harus berpindah tangan dari satu tim ke tim lain, kamu paling mungkin...",DISC,TARGET_S,V13_10_DISC_S_NEW_041,SCENARIO,SINGLE_CHOICE_4,False,1,"[1,2,3,4]","[1,2,3,4]",,"[""Menetapkan prioritas yang paling berdampak, menentukan langkah utama, lalu mendorong pelaksanaannya."", ""Membuka komunikasi secara aktif, mengajak pihak terkait terlibat, dan menjaga energi positif agar situasi dapat bergerak maju."", ""Membantu proses serah terima berlangsung bertahap dan memastikan tim penerima memahami apa yang perlu dilanjutkan."", ""Memeriksa informasi, kriteria, dan detail yang relevan agar keputusan dapat dibuat secara akurat.""]",MEDIUM
DISC-V2-070,"Ketika tim mulai lelah menjelang akhir proyek, kamu paling mungkin...",DISC,TARGET_S,V13_10_DISC_S_NEW_042,SCENARIO,SINGLE_CHOICE_4,False,1,"[1,2,3,4]","[2,3,4,1]",,"[""Membuka komunikasi secara aktif, mengajak pihak terkait terlibat, dan menjaga energi positif agar situasi dapat bergerak maju."", ""Membantu tim mengatur kembali ritme kerja, memberi ruang untuk pemulihan, dan menjaga kerja sama tetap stabil sampai selesai."", ""Memeriksa informasi, kriteria, dan detail yang relevan agar keputusan dapat dibuat secara akurat."", ""Menetapkan prioritas yang paling berdampak, menentukan langkah utama, lalu mendorong pelaksanaannya.""]",MEDIUM
DISC-V2-071,"Saat menyusun anggaran untuk kegiatan baru, kamu paling mungkin...",DISC,TARGET_C,V13_10_DISC_C_NEW_047,SCENARIO,SINGLE_CHOICE_4,False,1,"[1,2,3,4]","[3,4,1,2]",,"[""Mendengarkan pihak yang terlibat, mempertimbangkan kebutuhan mereka, dan membantu penyesuaian berlangsung secara tenang dan bertahap."", ""Menyusun asumsi, memeriksa angka, dan membandingkan beberapa pilihan berdasarkan kriteria yang jelas."", ""Menetapkan prioritas yang paling berdampak, menentukan langkah utama, lalu mendorong pelaksanaannya."", ""Membuka komunikasi secara aktif, mengajak pihak terkait terlibat, dan menjaga energi positif agar situasi dapat bergerak maju.""]",MEDIUM
DISC-V2-072,"Jika data pelanggan memiliki beberapa format penulisan yang berbeda, kamu paling mungkin...",DISC,TARGET_C,V13_10_DISC_C_NEW_048,SCENARIO,SINGLE_CHOICE_4,False,1,"[1,2,3,4]","[4,1,2,3]",,"[""Menetapkan format standar, membersihkan data secara konsisten, dan memeriksa hasil setelah penyelarasan."", ""Menetapkan prioritas yang paling berdampak, menentukan langkah utama, lalu mendorong pelaksanaannya."", ""Membuka komunikasi secara aktif, mengajak pihak terkait terlibat, dan menjaga energi positif agar situasi dapat bergerak maju."", ""Mendengarkan pihak yang terlibat, mempertimbangkan kebutuhan mereka, dan membantu penyesuaian berlangsung secara tenang dan bertahap.""]",MEDIUM
DISC-V2-073,"Ketika sebuah prosedur kerja dianggap terlalu rumit oleh tim, kamu paling mungkin...",DISC,TARGET_C,V13_10_DISC_C_NEW_049,SCENARIO,SINGLE_CHOICE_4,False,1,"[1,2,3,4]","[1,2,3,4]",,"[""Menetapkan prioritas yang paling berdampak, menentukan langkah utama, lalu mendorong pelaksanaannya."", ""Membuka komunikasi secara aktif, mengajak pihak terkait terlibat, dan menjaga energi positif agar situasi dapat bergerak maju."", ""Mendengarkan pihak yang terlibat, mempertimbangkan kebutuhan mereka, dan membantu penyesuaian berlangsung secara tenang dan bertahap."", ""Mengurai langkah yang tidak perlu, menilai tujuan tiap tahap, lalu menyederhanakan prosedur tanpa mengurangi kontrol penting.""]",MEDIUM
DISC-V2-074,"Saat memilih vendor untuk pekerjaan yang penting, kamu paling mungkin...",DISC,TARGET_C,V13_10_DISC_C_NEW_050,SCENARIO,SINGLE_CHOICE_4,False,1,"[1,2,3,4]","[2,3,4,1]",,"[""Membuka komunikasi secara aktif, mengajak pihak terkait terlibat, dan menjaga energi positif agar situasi dapat bergerak maju."", ""Mendengarkan pihak yang terlibat, mempertimbangkan kebutuhan mereka, dan membantu penyesuaian berlangsung secara tenang dan bertahap."", ""Membandingkan vendor berdasarkan kriteria, bukti kemampuan, risiko, dan kesesuaian dengan kebutuhan pekerjaan."", ""Menetapkan prioritas yang paling berdampak, menentukan langkah utama, lalu mendorong pelaksanaannya.""]",MEDIUM
DISC-V2-075,"Jika hasil audit menemukan beberapa penyimpangan kecil, kamu paling mungkin...",DISC,TARGET_C,V13_10_DISC_C_NEW_051,SCENARIO,SINGLE_CHOICE_4,False,1,"[1,2,3,4]","[3,4,1,2]",,"[""Mendengarkan pihak yang terlibat, mempertimbangkan kebutuhan mereka, dan membantu penyesuaian berlangsung secara tenang dan bertahap."", ""Memeriksa temuan terhadap standar, menentukan penyebabnya, dan memastikan tindakan koreksi dapat diverifikasi."", ""Menetapkan prioritas yang paling berdampak, menentukan langkah utama, lalu mendorong pelaksanaannya."", ""Membuka komunikasi secara aktif, mengajak pihak terkait terlibat, dan menjaga energi positif agar situasi dapat bergerak maju.""]",MEDIUM
DISC-V2-076,"Ketika sebuah keputusan akan berdampak pada proses selama setahun ke depan, kamu paling mungkin...",DISC,TARGET_C,V13_10_DISC_C_NEW_052,SCENARIO,SINGLE_CHOICE_4,False,1,"[1,2,3,4]","[4,1,2,3]",,"[""Membandingkan dampak jangka panjang, asumsi, dan risiko setiap pilihan sebelum menetapkan keputusan."", ""Menetapkan prioritas yang paling berdampak, menentukan langkah utama, lalu mendorong pelaksanaannya."", ""Membuka komunikasi secara aktif, mengajak pihak terkait terlibat, dan menjaga energi positif agar situasi dapat bergerak maju."", ""Mendengarkan pihak yang terlibat, mempertimbangkan kebutuhan mereka, dan membantu penyesuaian berlangsung secara tenang dan bertahap.""]",MEDIUM
DISC-V2-077,"Jika sebuah laporan perlu dikirim ke banyak pihak, kamu paling mungkin...",DISC,TARGET_C,V13_10_DISC_C_NEW_053,SCENARIO,SINGLE_CHOICE_4,False,1,"[1,2,3,4]","[1,2,3,4]",,"[""Menetapkan prioritas yang paling berdampak, menentukan langkah utama, lalu mendorong pelaksanaannya."", ""Membuka komunikasi secara aktif, mengajak pihak terkait terlibat, dan menjaga energi positif agar situasi dapat bergerak maju."", ""Mendengarkan pihak yang terlibat, mempertimbangkan kebutuhan mereka, dan membantu penyesuaian berlangsung secara tenang dan bertahap."", ""Memastikan angka, format, sumber, dan informasi penting konsisten sebelum laporan dikirim.""]",MEDIUM
DISC-V2-078,"Saat menemukan informasi yang belum lengkap dalam proposal, kamu paling mungkin...",DISC,TARGET_C,V13_10_DISC_C_NEW_054,SCENARIO,SINGLE_CHOICE_4,False,1,"[1,2,3,4]","[2,3,4,1]",,"[""Membuka komunikasi secara aktif, mengajak pihak terkait terlibat, dan menjaga energi positif agar situasi dapat bergerak maju."", ""Mendengarkan pihak yang terlibat, mempertimbangkan kebutuhan mereka, dan membantu penyesuaian berlangsung secara tenang dan bertahap."", ""Mengidentifikasi informasi yang hilang, menentukan sumbernya, dan melengkapinya sebelum proposal dinilai final."", ""Menetapkan prioritas yang paling berdampak, menentukan langkah utama, lalu mendorong pelaksanaannya.""]",MEDIUM
DISC-V2-079,"Ketika sebuah hasil kerja perlu memenuhi standar kualitas yang ketat, kamu paling mungkin...",DISC,TARGET_C,V13_10_DISC_C_NEW_055,SCENARIO,SINGLE_CHOICE_4,False,1,"[1,2,3,4]","[3,4,1,2]",,"[""Mendengarkan pihak yang terlibat, mempertimbangkan kebutuhan mereka, dan membantu penyesuaian berlangsung secara tenang dan bertahap."", ""Membandingkan hasil dengan standar, memeriksa titik yang berisiko gagal, dan memastikan bukti kualitas tersedia."", ""Menetapkan prioritas yang paling berdampak, menentukan langkah utama, lalu mendorong pelaksanaannya."", ""Membuka komunikasi secara aktif, mengajak pihak terkait terlibat, dan menjaga energi positif agar situasi dapat bergerak maju.""]",MEDIUM
DISC-V2-080,"Jika kamu diminta menjelaskan mengapa sebuah keputusan dibuat, kamu paling mungkin...",DISC,TARGET_C,V13_10_DISC_C_NEW_056,SCENARIO,SINGLE_CHOICE_4,False,1,"[1,2,3,4]","[4,1,2,3]",,"[""Menjelaskan dasar keputusan dengan data, kriteria, dan pertimbangan yang dapat ditelusuri."", ""Menetapkan prioritas yang paling berdampak, menentukan langkah utama, lalu mendorong pelaksanaannya."", ""Membuka komunikasi secara aktif, mengajak pihak terkait terlibat, dan menjaga energi positif agar situasi dapat bergerak maju."", ""Mendengarkan pihak yang terlibat, mempertimbangkan kebutuhan mereka, dan membantu penyesuaian berlangsung secara tenang dan bertahap.""]",MEDIUM
