id,domain,subdomain,indicator,text,role,mapping_review_status,content_review_status,decision,review_flags,reviewer_note
RIASEC-R-001,R,Realistic,hands_on,Saya tertarik membuat atau memperbaiki benda dengan menggunakan tangan.,TARGET,APPROVED,APPROVED,APPROVE,,
RIASEC-R-002,R,Realistic,hands_on,Saya menikmati kegiatan yang hasilnya dapat saya lihat atau gunakan secara langsung.,TARGET,APPROVED,APPROVED,APPROVE,,
RIASEC-R-003,R,Realistic,hands_on,Saya lebih tertarik mencoba melakukan sesuatu secara langsung daripada hanya membahasnya.,TARGET,APPROVED,APPROVED,APPROVE,,
RIASEC-R-004,R,Realistic,tools_equipment,Saya tertarik mempelajari cara menggunakan alat atau peralatan tertentu.,TARGET,APPROVED,APPROVED,APPROVE,,
RIASEC-R-005,R,Realistic,tools_equipment,"Saya menikmati kegiatan yang melibatkan mesin, perangkat, atau peralatan kerja.",TARGET,APPROVED,APPROVED,APPROVE,,
RIASEC-R-006,R,Realistic,practical_problem_solving,Saya tertarik mencari cara praktis untuk memperbaiki sesuatu yang tidak berfungsi.,TARGET,APPROVED,APPROVED,APPROVE,,
RIASEC-R-007,R,Realistic,practical_problem_solving,Saya menikmati menyelesaikan masalah yang membutuhkan tindakan langsung.,TARGET,APPROVED,APPROVED,APPROVE,,
RIASEC-R-008,R,Realistic,practical_problem_solving,Saya tertarik memahami cara kerja benda agar dapat menggunakannya dengan lebih baik.,TARGET,APPROVED,APPROVED,APPROVE,,
RIASEC-R-009,R,Realistic,physical_environment,Saya tertarik melakukan kegiatan di lingkungan yang banyak melibatkan objek atau pekerjaan nyata.,TARGET,APPROVED,APPROVED,APPROVE,,
RIASEC-R-010,R,Realistic,physical_environment,Saya menikmati aktivitas yang membuat saya banyak berinteraksi dengan lingkungan fisik.,TARGET,APPROVED,APPROVED,APPROVE,,
RIASEC-I-001,I,Investigative,curiosity,Saya tertarik mencari tahu mengapa suatu hal dapat terjadi.,TARGET,APPROVED,APPROVED,APPROVE,,
RIASEC-I-002,I,Investigative,curiosity,Saya menikmati menemukan penjelasan di balik sesuatu yang belum saya pahami.,TARGET,APPROVED,APPROVED,APPROVE,,
RIASEC-I-003,I,Investigative,curiosity,Saya sering tertarik pada pertanyaan yang belum memiliki jawaban sederhana.,TARGET,APPROVED,APPROVED,APPROVE,,
RIASEC-I-004,I,Investigative,analysis,Saya menikmati membandingkan informasi untuk menemukan pola atau perbedaan.,TARGET,APPROVED,APPROVED,APPROVE,,
RIASEC-I-005,I,Investigative,analysis,Saya tertarik menganalisis informasi sebelum menarik kesimpulan.,TARGET,APPROVED,APPROVED,APPROVE,,
RIASEC-I-006,I,Investigative,analysis,Saya menikmati memahami hubungan antara berbagai fakta atau informasi.,TARGET,APPROVED,APPROVED,APPROVE,,
RIASEC-I-007,I,Investigative,investigation,Saya tertarik melakukan pencarian informasi untuk menguji dugaan.,TARGET,APPROVED,APPROVED,APPROVE,,
RIASEC-I-008,I,Investigative,investigation,Saya menikmati menyelidiki suatu masalah sampai menemukan penjelasan yang masuk akal.,TARGET,APPROVED,APPROVED,APPROVE,,
RIASEC-I-009,I,Investigative,problem_solving,Saya tertarik menggunakan logika untuk menemukan solusi atas masalah yang rumit.,TARGET,APPROVED,APPROVED,APPROVE,,
RIASEC-I-010,I,Investigative,problem_solving,Saya menikmati memecah masalah menjadi bagian-bagian yang lebih kecil untuk dipahami.,TARGET,APPROVED,APPROVED,APPROVE,,
RIASEC-A-001,A,Artistic,creativity,Saya tertarik menciptakan sesuatu dengan cara yang berbeda dari biasanya.,TARGET,APPROVED,APPROVED,APPROVE,,
RIASEC-A-002,A,Artistic,creativity,Saya menikmati mencoba ide baru ketika membuat sesuatu.,TARGET,APPROVED,APPROVED,APPROVE,,
RIASEC-A-003,A,Artistic,creativity,Saya tertarik menemukan berbagai kemungkinan sebelum memilih satu cara untuk berkarya.,TARGET,APPROVED,APPROVED,APPROVE,,
RIASEC-A-004,A,Artistic,expression,"Saya menikmati menyampaikan gagasan melalui tulisan, gambar, musik, atau bentuk ekspresi lainnya.",TARGET,APPROVED,APPROVED,APPROVE,,
RIASEC-A-005,A,Artistic,expression,Saya tertarik menggunakan cara yang kreatif untuk menyampaikan apa yang saya pikirkan.,TARGET,APPROVED,APPROVED,APPROVE,,
RIASEC-A-006,A,Artistic,originality,Saya senang menghasilkan ide atau karya yang memiliki ciri khas saya sendiri.,TARGET,APPROVED,APPROVED,APPROVE,,
RIASEC-A-007,A,Artistic,originality,Saya tertarik mencoba pendekatan yang tidak biasa untuk menghasilkan sesuatu.,TARGET,APPROVED,APPROVED,APPROVE,,
RIASEC-A-008,A,Artistic,originality,Saya menikmati mengembangkan konsep yang berbeda dari contoh yang sudah ada.,TARGET,APPROVED,APPROVED,APPROVE,,
RIASEC-A-009,A,Artistic,aesthetics,"Saya tertarik memperhatikan komposisi, bentuk, warna, atau tampilan ketika membuat sesuatu.",TARGET,APPROVED,APPROVED,APPROVE,,
RIASEC-A-010,A,Artistic,aesthetics,Saya menikmati kegiatan yang memberi kesempatan untuk memperhatikan dan mengolah unsur keindahan.,TARGET,APPROVED,APPROVED,APPROVE,,
RIASEC-S-001,S,Social,helping,Saya tertarik membantu orang lain mengatasi kesulitan yang mereka hadapi.,TARGET,APPROVED,APPROVED,APPROVE,,
RIASEC-S-002,S,Social,helping,Saya menikmati kegiatan yang membuat orang lain merasa terbantu.,TARGET,APPROVED,APPROVED,APPROVE,,
RIASEC-S-003,S,Social,helping,Saya tertarik memahami kebutuhan seseorang agar dapat memberikan bantuan yang sesuai.,TARGET,APPROVED,APPROVED,APPROVE,,
RIASEC-S-004,S,Social,teaching,Saya menikmati menjelaskan sesuatu kepada orang yang sedang belajar.,TARGET,APPROVED,APPROVED,APPROVE,,
RIASEC-S-005,S,Social,teaching,Saya tertarik membantu orang lain memahami keterampilan atau pengetahuan baru.,TARGET,APPROVED,APPROVED,APPROVE,,
RIASEC-S-006,S,Social,communication,Saya menikmati berdiskusi untuk memahami cara berpikir orang lain.,TARGET,APPROVED,APPROVED,APPROVE,,
RIASEC-S-007,S,Social,communication,Saya tertarik mendengarkan pengalaman orang lain dan menanggapinya dengan baik.,TARGET,APPROVED,APPROVED,APPROVE,,
RIASEC-S-008,S,Social,communication,Saya menikmati kegiatan yang banyak melibatkan interaksi dengan orang lain.,TARGET,APPROVED,APPROVED,APPROVE,,
RIASEC-S-009,S,Social,development,Saya tertarik membantu seseorang mengembangkan kemampuan yang dimilikinya.,TARGET,APPROVED,APPROVED,APPROVE,,
RIASEC-S-010,S,Social,development,Saya menikmati kegiatan yang mendorong orang lain menjadi lebih berkembang.,TARGET,APPROVED,APPROVED,APPROVE,,
RIASEC-E-001,E,Enterprising,influence,Saya tertarik menyampaikan gagasan agar orang lain tertarik mempertimbangkannya.,TARGET,APPROVED,APPROVED,APPROVE,,
RIASEC-E-002,E,Enterprising,influence,Saya menikmati situasi ketika saya perlu meyakinkan orang lain tentang sebuah ide.,TARGET,APPROVED,APPROVED,APPROVE,,
RIASEC-E-003,E,Enterprising,influence,Saya tertarik memengaruhi arah suatu kegiatan melalui gagasan atau keputusan.,TARGET,APPROVED,APPROVED,APPROVE,,
RIASEC-E-004,E,Enterprising,leadership,Saya tertarik mengambil peran untuk mengarahkan sebuah kegiatan.,TARGET,APPROVED,APPROVED,APPROVE,,
RIASEC-E-005,E,Enterprising,leadership,Saya menikmati kesempatan untuk mengoordinasikan orang lain menuju suatu tujuan.,TARGET,APPROVED,APPROVED,APPROVE,,
RIASEC-E-006,E,Enterprising,initiative,Saya tertarik memulai kegiatan atau proyek tanpa harus selalu menunggu instruksi.,TARGET,APPROVED,APPROVED,APPROVE,,
RIASEC-E-007,E,Enterprising,initiative,Saya menikmati mencari peluang baru untuk membuat sesuatu dapat berjalan lebih baik.,TARGET,APPROVED,APPROVED,APPROVE,,
RIASEC-E-008,E,Enterprising,initiative,Saya tertarik mengambil langkah pertama ketika melihat sebuah peluang.,TARGET,APPROVED,APPROVED,APPROVE,,
RIASEC-E-009,E,Enterprising,persuasion,Saya menikmati kegiatan yang melibatkan negosiasi atau membangun kesepakatan.,TARGET,APPROVED,APPROVED,APPROVE,,
RIASEC-E-010,E,Enterprising,persuasion,Saya tertarik menyusun cara penyampaian yang membuat orang lain bersedia bekerja sama.,TARGET,APPROVED,APPROVED,APPROVE,,
RIASEC-C-001,C,Conventional,organization,Saya menikmati mengatur informasi agar mudah ditemukan kembali.,TARGET,APPROVED,APPROVED,APPROVE,,
RIASEC-C-002,C,Conventional,organization,"Saya tertarik menyusun dokumen, catatan, atau data secara teratur.",TARGET,APPROVED,APPROVED,APPROVE,,
RIASEC-C-003,C,Conventional,organization,Saya menikmati membuat sistem sederhana agar pekerjaan tersusun rapi.,TARGET,APPROVED,APPROVED,APPROVE,,
RIASEC-C-004,C,Conventional,structure,Saya tertarik bekerja dengan prosedur yang jelas dan teratur.,TARGET,APPROVED,APPROVED,APPROVE,,
RIASEC-C-005,C,Conventional,structure,Saya menikmati mengikuti langkah kerja yang sudah tersusun dengan baik.,TARGET,APPROVED,APPROVED,APPROVE,,
RIASEC-C-006,C,Conventional,information_order,Saya tertarik mengelompokkan informasi berdasarkan kategori yang jelas.,TARGET,APPROVED,APPROVED,APPROVE,,
RIASEC-C-007,C,Conventional,information_order,Saya menikmati membuat daftar atau susunan informasi agar lebih mudah digunakan.,TARGET,APPROVED,APPROVED,APPROVE,,
RIASEC-C-008,C,Conventional,information_order,Saya tertarik memastikan informasi tersimpan dalam urutan yang mudah dipahami.,TARGET,APPROVED,APPROVED,APPROVE,,
RIASEC-C-009,C,Conventional,accuracy,Saya menikmati kegiatan yang membutuhkan ketelitian dalam memeriksa detail.,TARGET,APPROVED,APPROVED,APPROVE,,
RIASEC-C-010,C,Conventional,accuracy,Saya tertarik memastikan data atau dokumen tersusun dengan benar sebelum digunakan.,TARGET,APPROVED,APPROVED,APPROVE,,
RIASEC-R-R001,R,Realistic,hands_on,Saya tertarik belajar menggunakan keterampilan praktis untuk menghasilkan sesuatu yang dapat dipakai.,RESERVE,APPROVED,REVIEWED,RESERVE,,
RIASEC-R-R002,R,Realistic,tools_equipment,Saya menikmati mencoba berbagai peralatan untuk memahami kegunaannya.,RESERVE,APPROVED,REVIEWED,RESERVE,,
RIASEC-R-R003,R,Realistic,practical_problem_solving,Saya tertarik mencari solusi langsung ketika sebuah benda atau perangkat mengalami masalah.,RESERVE,APPROVED,REVIEWED,RESERVE,,
RIASEC-R-R004,R,Realistic,physical_environment,Saya tertarik pada kegiatan yang dilakukan di lingkungan kerja yang nyata dan konkret.,RESERVE,APPROVED,REVIEWED,RESERVE,,
RIASEC-I-R001,I,Investigative,curiosity,Saya menikmati mencari jawaban atas pertanyaan yang membuat saya penasaran.,RESERVE,APPROVED,REVIEWED,RESERVE,,
RIASEC-I-R002,I,Investigative,analysis,Saya tertarik menelaah informasi secara rinci sebelum memutuskan apa yang berarti.,RESERVE,APPROVED,REVIEWED,RESERVE,,
RIASEC-I-R003,I,Investigative,investigation,Saya menikmati mengumpulkan bukti untuk memahami sebuah persoalan.,RESERVE,APPROVED,REVIEWED,RESERVE,,
RIASEC-I-R004,I,Investigative,problem_solving,Saya tertarik mencari penjelasan logis ketika menghadapi persoalan yang kompleks.,RESERVE,APPROVED,REVIEWED,RESERVE,,
RIASEC-A-R001,A,Artistic,creativity,Saya menikmati mengembangkan beberapa ide sebelum menentukan karya yang akan dibuat.,RESERVE,APPROVED,REVIEWED,RESERVE,,
RIASEC-A-R002,A,Artistic,expression,Saya tertarik menggunakan media kreatif untuk menyampaikan sebuah pesan.,RESERVE,APPROVED,REVIEWED,RESERVE,,
RIASEC-A-R003,A,Artistic,originality,Saya senang menemukan sudut pandang yang berbeda dari pendekatan yang umum.,RESERVE,APPROVED,REVIEWED,RESERVE,,
RIASEC-A-R004,A,Artistic,aesthetics,Saya menikmati memilih unsur visual atau bentuk yang membuat sebuah karya terasa lebih menarik.,RESERVE,APPROVED,REVIEWED,RESERVE,,
RIASEC-S-R001,S,Social,helping,Saya menikmati menjadi orang yang dapat diandalkan ketika orang lain membutuhkan bantuan.,RESERVE,APPROVED,REVIEWED,RESERVE,,
RIASEC-S-R002,S,Social,teaching,Saya tertarik menjelaskan suatu hal dengan cara yang sesuai dengan orang yang belajar.,RESERVE,APPROVED,REVIEWED,RESERVE,,
RIASEC-S-R003,S,Social,communication,Saya menikmati percakapan yang membantu saya memahami pengalaman orang lain.,RESERVE,APPROVED,REVIEWED,RESERVE,,
RIASEC-S-R004,S,Social,development,Saya tertarik mendukung orang lain ketika mereka sedang berusaha meningkatkan kemampuannya.,RESERVE,APPROVED,REVIEWED,RESERVE,,
RIASEC-E-R001,E,Enterprising,influence,Saya tertarik mengajak orang lain melihat peluang dari sebuah gagasan.,RESERVE,APPROVED,REVIEWED,RESERVE,,
RIASEC-E-R002,E,Enterprising,leadership,Saya menikmati mengambil tanggung jawab untuk mengarahkan suatu kegiatan.,RESERVE,APPROVED,REVIEWED,RESERVE,,
RIASEC-E-R003,E,Enterprising,initiative,Saya tertarik mengubah sebuah peluang menjadi kegiatan yang nyata.,RESERVE,APPROVED,REVIEWED,RESERVE,,
RIASEC-E-R004,E,Enterprising,persuasion,Saya menikmati mencari titik temu ketika perlu mendapatkan persetujuan dari orang lain.,RESERVE,APPROVED,REVIEWED,RESERVE,,
RIASEC-C-R001,C,Conventional,organization,Saya menikmati menjaga dokumen atau informasi tetap tersusun rapi.,RESERVE,APPROVED,REVIEWED,RESERVE,,
RIASEC-C-R002,C,Conventional,structure,Saya tertarik pada pekerjaan yang memiliki aturan dan alur yang jelas.,RESERVE,APPROVED,REVIEWED,RESERVE,,
RIASEC-C-R003,C,Conventional,information_order,Saya menikmati mengatur data agar mudah diperiksa dan digunakan.,RESERVE,APPROVED,REVIEWED,RESERVE,,
RIASEC-C-R004,C,Conventional,accuracy,Saya tertarik memeriksa kembali detail sebelum menyatakan sebuah pekerjaan selesai.,RESERVE,APPROVED,REVIEWED,RESERVE,,
