id,domain,subdomain,indicator,text,type,reverseScore,weight,scale,scoringKey,difficulty,status,mappingStatus,sourceFile,role
RIASEC-R-R001,R,Realistic,hands_on,Saya tertarik belajar menggunakan keterampilan praktis untuk menghasilkan sesuatu yang dapat dipakai.,LIKERT,false,1,1|2|3|4|5,1|2|3|4|5,UNSPECIFIED,DRAFT,MAPPED,RIASEC_QB_V1_candidate,RESERVE
RIASEC-R-R002,R,Realistic,tools_equipment,Saya menikmati mencoba berbagai peralatan untuk memahami kegunaannya.,LIKERT,false,1,1|2|3|4|5,1|2|3|4|5,UNSPECIFIED,DRAFT,MAPPED,RIASEC_QB_V1_candidate,RESERVE
RIASEC-R-R003,R,Realistic,practical_problem_solving,Saya tertarik mencari solusi langsung ketika sebuah benda atau perangkat mengalami masalah.,LIKERT,false,1,1|2|3|4|5,1|2|3|4|5,UNSPECIFIED,DRAFT,MAPPED,RIASEC_QB_V1_candidate,RESERVE
RIASEC-R-R004,R,Realistic,physical_environment,Saya tertarik pada kegiatan yang dilakukan di lingkungan kerja yang nyata dan konkret.,LIKERT,false,1,1|2|3|4|5,1|2|3|4|5,UNSPECIFIED,DRAFT,MAPPED,RIASEC_QB_V1_candidate,RESERVE
RIASEC-I-R001,I,Investigative,curiosity,Saya menikmati mencari jawaban atas pertanyaan yang membuat saya penasaran.,LIKERT,false,1,1|2|3|4|5,1|2|3|4|5,UNSPECIFIED,DRAFT,MAPPED,RIASEC_QB_V1_candidate,RESERVE
RIASEC-I-R002,I,Investigative,analysis,Saya tertarik menelaah informasi secara rinci sebelum memutuskan apa yang berarti.,LIKERT,false,1,1|2|3|4|5,1|2|3|4|5,UNSPECIFIED,DRAFT,MAPPED,RIASEC_QB_V1_candidate,RESERVE
RIASEC-I-R003,I,Investigative,investigation,Saya menikmati mengumpulkan bukti untuk memahami sebuah persoalan.,LIKERT,false,1,1|2|3|4|5,1|2|3|4|5,UNSPECIFIED,DRAFT,MAPPED,RIASEC_QB_V1_candidate,RESERVE
RIASEC-I-R004,I,Investigative,problem_solving,Saya tertarik mencari penjelasan logis ketika menghadapi persoalan yang kompleks.,LIKERT,false,1,1|2|3|4|5,1|2|3|4|5,UNSPECIFIED,DRAFT,MAPPED,RIASEC_QB_V1_candidate,RESERVE
RIASEC-A-R001,A,Artistic,creativity,Saya menikmati mengembangkan beberapa ide sebelum menentukan karya yang akan dibuat.,LIKERT,false,1,1|2|3|4|5,1|2|3|4|5,UNSPECIFIED,DRAFT,MAPPED,RIASEC_QB_V1_candidate,RESERVE
RIASEC-A-R002,A,Artistic,expression,Saya tertarik menggunakan media kreatif untuk menyampaikan sebuah pesan.,LIKERT,false,1,1|2|3|4|5,1|2|3|4|5,UNSPECIFIED,DRAFT,MAPPED,RIASEC_QB_V1_candidate,RESERVE
RIASEC-A-R003,A,Artistic,originality,Saya senang menemukan sudut pandang yang berbeda dari pendekatan yang umum.,LIKERT,false,1,1|2|3|4|5,1|2|3|4|5,UNSPECIFIED,DRAFT,MAPPED,RIASEC_QB_V1_candidate,RESERVE
RIASEC-A-R004,A,Artistic,aesthetics,Saya menikmati memilih unsur visual atau bentuk yang membuat sebuah karya terasa lebih menarik.,LIKERT,false,1,1|2|3|4|5,1|2|3|4|5,UNSPECIFIED,DRAFT,MAPPED,RIASEC_QB_V1_candidate,RESERVE
RIASEC-S-R001,S,Social,helping,Saya menikmati menjadi orang yang dapat diandalkan ketika orang lain membutuhkan bantuan.,LIKERT,false,1,1|2|3|4|5,1|2|3|4|5,UNSPECIFIED,DRAFT,MAPPED,RIASEC_QB_V1_candidate,RESERVE
RIASEC-S-R002,S,Social,teaching,Saya tertarik menjelaskan suatu hal dengan cara yang sesuai dengan orang yang belajar.,LIKERT,false,1,1|2|3|4|5,1|2|3|4|5,UNSPECIFIED,DRAFT,MAPPED,RIASEC_QB_V1_candidate,RESERVE
RIASEC-S-R003,S,Social,communication,Saya menikmati percakapan yang membantu saya memahami pengalaman orang lain.,LIKERT,false,1,1|2|3|4|5,1|2|3|4|5,UNSPECIFIED,DRAFT,MAPPED,RIASEC_QB_V1_candidate,RESERVE
RIASEC-S-R004,S,Social,development,Saya tertarik mendukung orang lain ketika mereka sedang berusaha meningkatkan kemampuannya.,LIKERT,false,1,1|2|3|4|5,1|2|3|4|5,UNSPECIFIED,DRAFT,MAPPED,RIASEC_QB_V1_candidate,RESERVE
RIASEC-E-R001,E,Enterprising,influence,Saya tertarik mengajak orang lain melihat peluang dari sebuah gagasan.,LIKERT,false,1,1|2|3|4|5,1|2|3|4|5,UNSPECIFIED,DRAFT,MAPPED,RIASEC_QB_V1_candidate,RESERVE
RIASEC-E-R002,E,Enterprising,leadership,Saya menikmati mengambil tanggung jawab untuk mengarahkan suatu kegiatan.,LIKERT,false,1,1|2|3|4|5,1|2|3|4|5,UNSPECIFIED,DRAFT,MAPPED,RIASEC_QB_V1_candidate,RESERVE
RIASEC-E-R003,E,Enterprising,initiative,Saya tertarik mengubah sebuah peluang menjadi kegiatan yang nyata.,LIKERT,false,1,1|2|3|4|5,1|2|3|4|5,UNSPECIFIED,DRAFT,MAPPED,RIASEC_QB_V1_candidate,RESERVE
RIASEC-E-R004,E,Enterprising,persuasion,Saya menikmati mencari titik temu ketika perlu mendapatkan persetujuan dari orang lain.,LIKERT,false,1,1|2|3|4|5,1|2|3|4|5,UNSPECIFIED,DRAFT,MAPPED,RIASEC_QB_V1_candidate,RESERVE
RIASEC-C-R001,C,Conventional,organization,Saya menikmati menjaga dokumen atau informasi tetap tersusun rapi.,LIKERT,false,1,1|2|3|4|5,1|2|3|4|5,UNSPECIFIED,DRAFT,MAPPED,RIASEC_QB_V1_candidate,RESERVE
RIASEC-C-R002,C,Conventional,structure,Saya tertarik pada pekerjaan yang memiliki aturan dan alur yang jelas.,LIKERT,false,1,1|2|3|4|5,1|2|3|4|5,UNSPECIFIED,DRAFT,MAPPED,RIASEC_QB_V1_candidate,RESERVE
RIASEC-C-R003,C,Conventional,information_order,Saya menikmati mengatur data agar mudah diperiksa dan digunakan.,LIKERT,false,1,1|2|3|4|5,1|2|3|4|5,UNSPECIFIED,DRAFT,MAPPED,RIASEC_QB_V1_candidate,RESERVE
RIASEC-C-R004,C,Conventional,accuracy,Saya tertarik memeriksa kembali detail sebelum menyatakan sebuah pekerjaan selesai.,LIKERT,false,1,1|2|3|4|5,1|2|3|4|5,UNSPECIFIED,DRAFT,MAPPED,RIASEC_QB_V1_candidate,RESERVE
